{"accuracy": [0.9397206902503967, 0.976135790348053, 0.9816157221794128, 0.9840905070304871, 0.9846208095550537, 0.9877143502235413, 0.9884214401245117, 0.9900123476982117, 0.989482045173645, 0.9895704388618469], "loss": [0.19646809995174408, 0.07693522423505783, 0.06203000620007515, 0.050541769713163376, 0.04550857096910477, 0.04062992334365845, 0.03744526952505112, 0.03177637979388237, 0.03136273846030235, 0.030407117679715157], "val_accuracy": [0.9865092635154724, 0.9865092635154724, 0.9865092635154724, 0.9924114942550659, 0.9907251000404358, 0.9924114942550659, 0.9907251000404358, 0.9924114942550659, 0.9932546615600586, 0.9924114942550659], "val_loss": [0.050205595791339874, 0.04020164534449577, 0.036195822060108185, 0.028709659352898598, 0.030111972242593765, 0.026253782212734222, 0.02846403978765011, 0.025312157347798347, 0.02727295272052288, 0.022984838113188744]}